{"cameraMode":{"drawMode":0,"name":"Shaded","section":"Shading Mode"},"sceneLighting":false,"audioPlay":false,"sceneViewState":{"showFog":false,"showMaterialUpdate":false,"showSkybox":false,"showFlares":false,"showImageEffects":false,"showParticleSystems":false,"showVisualEffectGraphs":true,"m_FxEnabled":true},"in2DMode":false,"pivot":{"x":-0.01112288236618042,"y":0.9030386805534363,"z":0.06464671343564987},"rotation":{"x":0.00029899904620833695,"y":-0.9995309710502625,"z":0.010494089685380459,"w":0.02939659170806408},"size":1.0107172727584839,"orthographic":true}