{"cameraMode":{"drawMode":0,"name":"Shaded","section":"Shading Mode"},"sceneLighting":false,"audioPlay":false,"sceneViewState":{"showFog":false,"showMaterialUpdate":false,"showSkybox":false,"showFlares":false,"showImageEffects":false,"showParticleSystems":false,"showVisualEffectGraphs":true,"m_FxEnabled":true},"in2DMode":false,"pivot":{"x":0.0030330074951052667,"y":0.9080352783203125,"z":0.05876704677939415},"rotation":{"x":0.05534019321203232,"y":-0.06823550909757614,"z":0.003797460114583373,"w":0.9961411356925964},"size":1.2258251905441285,"orthographic":true}