{"cameraMode":{"drawMode":0,"name":"Shaded","section":"Shading Mode"},"sceneLighting":true,"audioPlay":false,"sceneViewState":{"showFog":true,"showMaterialUpdate":false,"showSkybox":true,"showFlares":true,"showImageEffects":true,"showParticleSystems":true,"showVisualEffectGraphs":true,"m_FxEnabled":true},"in2DMode":false,"pivot":{"x":-1.8833034038543702,"y":1.7341535091400147,"z":0.15029692649841309},"rotation":{"x":0.21960768103599549,"y":0.5992413759231567,"z":-0.17556318640708924,"w":0.7495777606964111},"size":0.7229296565055847,"orthographic":true}