{"cameraMode":{"drawMode":0,"name":"Shaded","section":"Shading Mode"},"sceneLighting":true,"audioPlay":false,"sceneViewState":{"m_AlwaysRefresh":false,"showFog":true,"showSkybox":true,"showFlares":true,"showImageEffects":true,"showParticleSystems":true,"showVisualEffectGraphs":true,"m_FxEnabled":true},"in2DMode":false,"pivot":{"x":0.8428876399993897,"y":1.7176361083984376,"z":-0.9280656576156616},"rotation":{"x":-0.19440312683582307,"y":-0.7236344814300537,"z":0.6224862337112427,"w":-0.22599194943904878},"size":0.6585418581962586,"orthographic":true}