{"cameraMode":{"drawMode":0,"name":"Shaded","section":"Shading Mode"},"sceneLighting":true,"audioPlay":false,"sceneViewState":{"showFog":true,"showMaterialUpdate":false,"showSkybox":true,"showFlares":true,"showImageEffects":true,"showParticleSystems":true,"showVisualEffectGraphs":true,"m_FxEnabled":true},"in2DMode":false,"pivot":{"x":0.5122429728507996,"y":1.7764532566070557,"z":-0.6323884725570679},"rotation":{"x":-0.0020484996493905784,"y":-0.9782257676124573,"z":0.20728501677513123,"w":-0.009677901864051819},"size":2.666025161743164,"orthographic":false}