{"cameraMode":{"drawMode":0,"name":"Shaded","section":"Shading Mode"},"sceneLighting":true,"audioPlay":false,"sceneViewState":{"showFog":true,"showMaterialUpdate":false,"showSkybox":true,"showFlares":true,"showImageEffects":true,"showParticleSystems":true,"showVisualEffectGraphs":true,"m_FxEnabled":true},"in2DMode":false,"pivot":{"x":-0.6407416462898254,"y":2.3423051834106447,"z":-0.6887869834899902},"rotation":{"x":-0.005069127772003412,"y":-0.9874266982078552,"z":0.15469075739383698,"w":-0.032304342836141589},"size":1.8546205759048463,"orthographic":true}