{"cameraMode":{"drawMode":0,"name":"Shaded","section":"Shading Mode"},"sceneLighting":true,"audioPlay":false,"sceneViewState":{"showFog":true,"showMaterialUpdate":false,"showSkybox":true,"showFlares":true,"showImageEffects":true,"showParticleSystems":true,"showVisualEffectGraphs":true,"m_FxEnabled":true},"in2DMode":false,"pivot":{"x":5.960464477539063e-8,"y":0.869835615158081,"z":0.008967667818069458},"rotation":{"x":-0.17741745710372926,"y":-0.7079271674156189,"z":0.1913529932498932,"w":-0.6563320159912109},"size":1.2088127136230469,"orthographic":true}