{"cameraMode":{"drawMode":0,"name":"Shaded","section":"Shading Mode"},"sceneLighting":true,"audioPlay":false,"sceneViewState":{"showFog":true,"showMaterialUpdate":false,"showSkybox":true,"showFlares":true,"showImageEffects":true,"showParticleSystems":true,"showVisualEffectGraphs":true,"m_FxEnabled":true},"in2DMode":false,"pivot":{"x":-0.13024425506591798,"y":0.3601583242416382,"z":0.708427906036377},"rotation":{"x":0.17967896163463593,"y":0.05014631524682045,"z":-0.009171166457235814,"w":0.9824063181877136},"size":0.9014541506767273,"orthographic":true}